{
  "id": "4130033",
  "name": "ant design full",
  "font_family": "iconfont",
  "css_prefix_text": "icon-",
  "description": "",
  "glyphs": [
    {
      "icon_id": "4765741",
      "name": "time-circle",
      "font_class": "time-circle",
      "unicode": "e791",
      "unicode_decimal": 59281
    },
    {
      "icon_id": "4767106",
      "name": "bg-colors",
      "font_class": "bg-colors",
      "unicode": "e891",
      "unicode_decimal": 59537
    },
    {
      "icon_id": "4765742",
      "name": "time out",
      "font_class": "timeout",
      "unicode": "e792",
      "unicode_decimal": 59282
    },
    {
      "icon_id": "4936455",
      "name": "crown",
      "font_class": "crown",
      "unicode": "e892",
      "unicode_decimal": 59538
    },
    {
      "icon_id": "4765743",
      "name": "earth",
      "font_class": "earth",
      "unicode": "e793",
      "unicode_decimal": 59283
    },
    {
      "icon_id": "4936456",
      "name": "drag",
      "font_class": "drag",
      "unicode": "e893",
      "unicode_decimal": 59539
    },
    {
      "icon_id": "4765744",
      "name": "YUAN",
      "font_class": "YUAN",
      "unicode": "e794",
      "unicode_decimal": 59284
    },
    {
      "icon_id": "4936457",
      "name": "desktop",
      "font_class": "desktop",
      "unicode": "e894",
      "unicode_decimal": 59540
    },
    {
      "icon_id": "4765745",
      "name": "up-circle",
      "font_class": "up-circle",
      "unicode": "e795",
      "unicode_decimal": 59285
    },
    {
      "icon_id": "4936458",
      "name": "gift",
      "font_class": "gift",
      "unicode": "e895",
      "unicode_decimal": 59541
    },
    {
      "icon_id": "4765746",
      "name": "warning-circle",
      "font_class": "warning-circle",
      "unicode": "e796",
      "unicode_decimal": 59286
    },
    {
      "icon_id": "4936459",
      "name": "stop",
      "font_class": "stop",
      "unicode": "e896",
      "unicode_decimal": 59542
    },
    {
      "icon_id": "4765811",
      "name": "sync",
      "font_class": "sync",
      "unicode": "e797",
      "unicode_decimal": 59287
    },
    {
      "icon_id": "4936460",
      "name": "fire",
      "font_class": "fire",
      "unicode": "e897",
      "unicode_decimal": 59543
    },
    {
      "icon_id": "4765812",
      "name": "transaction",
      "font_class": "transaction",
      "unicode": "e798",
      "unicode_decimal": 59288
    },
    {
      "icon_id": "4936461",
      "name": "thunderbolt",
      "font_class": "thunderbolt",
      "unicode": "e898",
      "unicode_decimal": 59544
    },
    {
      "icon_id": "4765837",
      "name": "undo",
      "font_class": "undo",
      "unicode": "e799",
      "unicode_decimal": 59289
    },
    {
      "icon_id": "4765838",
      "name": "redo",
      "font_class": "redo",
      "unicode": "e79a",
      "unicode_decimal": 59290
    },
    {
      "icon_id": "4765852",
      "name": "reload",
      "font_class": "reload",
      "unicode": "e79b",
      "unicode_decimal": 59291
    },
    {
      "icon_id": "4765853",
      "name": "reload time",
      "font_class": "reloadtime",
      "unicode": "e79c",
      "unicode_decimal": 59292
    },
    {
      "icon_id": "4765866",
      "name": "message",
      "font_class": "message",
      "unicode": "e79d",
      "unicode_decimal": 59293
    },
    {
      "icon_id": "4765881",
      "name": "dashboard",
      "font_class": "dashboard",
      "unicode": "e79e",
      "unicode_decimal": 59294
    },
    {
      "icon_id": "4765886",
      "name": "issues close",
      "font_class": "issuesclose",
      "unicode": "e79f",
      "unicode_decimal": 59295
    },
    {
      "icon_id": "4765887",
      "name": "poweroff",
      "font_class": "poweroff",
      "unicode": "e7a0",
      "unicode_decimal": 59296
    },
    {
      "icon_id": "4765888",
      "name": "logout",
      "font_class": "logout",
      "unicode": "e7a1",
      "unicode_decimal": 59297
    },
    {
      "icon_id": "4765890",
      "name": "pie chart",
      "font_class": "piechart",
      "unicode": "e7a2",
      "unicode_decimal": 59298
    },
    {
      "icon_id": "4765891",
      "name": "setting",
      "font_class": "setting",
      "unicode": "e7a3",
      "unicode_decimal": 59299
    },
    {
      "icon_id": "4765896",
      "name": "eye",
      "font_class": "eye",
      "unicode": "e7a4",
      "unicode_decimal": 59300
    },
    {
      "icon_id": "4765897",
      "name": "location",
      "font_class": "location",
      "unicode": "e7a5",
      "unicode_decimal": 59301
    },
    {
      "icon_id": "4765957",
      "name": "edit-square",
      "font_class": "edit-square",
      "unicode": "e7a6",
      "unicode_decimal": 59302
    },
    {
      "icon_id": "4765958",
      "name": "export",
      "font_class": "export",
      "unicode": "e7a7",
      "unicode_decimal": 59303
    },
    {
      "icon_id": "4765959",
      "name": "save",
      "font_class": "save",
      "unicode": "e7a8",
      "unicode_decimal": 59304
    },
    {
      "icon_id": "4765960",
      "name": "Import",
      "font_class": "Import",
      "unicode": "e7a9",
      "unicode_decimal": 59305
    },
    {
      "icon_id": "4765962",
      "name": "app store",
      "font_class": "appstore",
      "unicode": "e7aa",
      "unicode_decimal": 59306
    },
    {
      "icon_id": "4765964",
      "name": "close-square",
      "font_class": "close-square",
      "unicode": "e7ab",
      "unicode_decimal": 59307
    },
    {
      "icon_id": "4765965",
      "name": "down-square",
      "font_class": "down-square",
      "unicode": "e7ac",
      "unicode_decimal": 59308
    },
    {
      "icon_id": "4765966",
      "name": "layout",
      "font_class": "layout",
      "unicode": "e7ad",
      "unicode_decimal": 59309
    },
    {
      "icon_id": "4765967",
      "name": "left-square",
      "font_class": "left-square",
      "unicode": "e7ae",
      "unicode_decimal": 59310
    },
    {
      "icon_id": "4765968",
      "name": "play-square",
      "font_class": "play-square",
      "unicode": "e7af",
      "unicode_decimal": 59311
    },
    {
      "icon_id": "4765969",
      "name": "control",
      "font_class": "control",
      "unicode": "e7b0",
      "unicode_decimal": 59312
    },
    {
      "icon_id": "4765970",
      "name": "code library",
      "font_class": "codelibrary",
      "unicode": "e7b1",
      "unicode_decimal": 59313
    },
    {
      "icon_id": "4765971",
      "name": "detail",
      "font_class": "detail",
      "unicode": "e7b2",
      "unicode_decimal": 59314
    },
    {
      "icon_id": "4765972",
      "name": "minus-square",
      "font_class": "minus-square",
      "unicode": "e7b3",
      "unicode_decimal": 59315
    },
    {
      "icon_id": "4765973",
      "name": "plus-square",
      "font_class": "plus-square",
      "unicode": "e7b4",
      "unicode_decimal": 59316
    },
    {
      "icon_id": "4765974",
      "name": "right-square",
      "font_class": "right-square",
      "unicode": "e7b5",
      "unicode_decimal": 59317
    },
    {
      "icon_id": "4765975",
      "name": "project",
      "font_class": "project",
      "unicode": "e7b6",
      "unicode_decimal": 59318
    },
    {
      "icon_id": "4765976",
      "name": "wallet",
      "font_class": "wallet",
      "unicode": "e7b7",
      "unicode_decimal": 59319
    },
    {
      "icon_id": "4765977",
      "name": "up-square",
      "font_class": "up-square",
      "unicode": "e7b8",
      "unicode_decimal": 59320
    },
    {
      "icon_id": "4765978",
      "name": "calculator",
      "font_class": "calculator",
      "unicode": "e7b9",
      "unicode_decimal": 59321
    },
    {
      "icon_id": "4766245",
      "name": "interation",
      "font_class": "interation",
      "unicode": "e7ba",
      "unicode_decimal": 59322
    },
    {
      "icon_id": "4766253",
      "name": "check-square",
      "font_class": "check-square",
      "unicode": "e7bb",
      "unicode_decimal": 59323
    },
    {
      "icon_id": "4766265",
      "name": "border",
      "font_class": "border",
      "unicode": "e7bc",
      "unicode_decimal": 59324
    },
    {
      "icon_id": "4766266",
      "name": "border-outer",
      "font_class": "border-outer",
      "unicode": "e7bd",
      "unicode_decimal": 59325
    },
    {
      "icon_id": "4766268",
      "name": "border-top",
      "font_class": "border-top",
      "unicode": "e7be",
      "unicode_decimal": 59326
    },
    {
      "icon_id": "4766269",
      "name": "border-bottom",
      "font_class": "border-bottom",
      "unicode": "e7bf",
      "unicode_decimal": 59327
    },
    {
      "icon_id": "4766270",
      "name": "border-left",
      "font_class": "border-left",
      "unicode": "e7c0",
      "unicode_decimal": 59328
    },
    {
      "icon_id": "4766271",
      "name": "border-right",
      "font_class": "border-right",
      "unicode": "e7c1",
      "unicode_decimal": 59329
    },
    {
      "icon_id": "4766276",
      "name": "border-inner",
      "font_class": "border-inner",
      "unicode": "e7c2",
      "unicode_decimal": 59330
    },
    {
      "icon_id": "4766277",
      "name": "border-verticle",
      "font_class": "border-verticle",
      "unicode": "e7c3",
      "unicode_decimal": 59331
    },
    {
      "icon_id": "4766278",
      "name": "border-horizontal",
      "font_class": "border-horizontal",
      "unicode": "e7c4",
      "unicode_decimal": 59332
    },
    {
      "icon_id": "4766282",
      "name": "radius-bottomleft",
      "font_class": "radius-bottomleft",
      "unicode": "e7c5",
      "unicode_decimal": 59333
    },
    {
      "icon_id": "4766283",
      "name": "radius-bottomright",
      "font_class": "radius-bottomright",
      "unicode": "e7c6",
      "unicode_decimal": 59334
    },
    {
      "icon_id": "4766284",
      "name": "radius-upleft",
      "font_class": "radius-upleft",
      "unicode": "e7c7",
      "unicode_decimal": 59335
    },
    {
      "icon_id": "4766285",
      "name": "radius-upright",
      "font_class": "radius-upright",
      "unicode": "e7c8",
      "unicode_decimal": 59336
    },
    {
      "icon_id": "4766286",
      "name": "radius-setting",
      "font_class": "radius-setting",
      "unicode": "e7c9",
      "unicode_decimal": 59337
    },
    {
      "icon_id": "4766289",
      "name": "add user",
      "font_class": "adduser",
      "unicode": "e7ca",
      "unicode_decimal": 59338
    },
    {
      "icon_id": "4766290",
      "name": "delete team",
      "font_class": "deleteteam",
      "unicode": "e7cb",
      "unicode_decimal": 59339
    },
    {
      "icon_id": "4766291",
      "name": "delete user",
      "font_class": "deleteuser",
      "unicode": "e7cc",
      "unicode_decimal": 59340
    },
    {
      "icon_id": "4766292",
      "name": "addteam",
      "font_class": "addteam",
      "unicode": "e7cd",
      "unicode_decimal": 59341
    },
    {
      "icon_id": "4766293",
      "name": "user",
      "font_class": "user",
      "unicode": "e7ce",
      "unicode_decimal": 59342
    },
    {
      "icon_id": "4766294",
      "name": "team",
      "font_class": "team",
      "unicode": "e7cf",
      "unicode_decimal": 59343
    },
    {
      "icon_id": "4766297",
      "name": "area chart",
      "font_class": "areachart",
      "unicode": "e7d0",
      "unicode_decimal": 59344
    },
    {
      "icon_id": "4766298",
      "name": "line chart",
      "font_class": "linechart",
      "unicode": "e7d1",
      "unicode_decimal": 59345
    },
    {
      "icon_id": "4766299",
      "name": "bar chart",
      "font_class": "barchart",
      "unicode": "e7d2",
      "unicode_decimal": 59346
    },
    {
      "icon_id": "4766300",
      "name": "point map",
      "font_class": "pointmap",
      "unicode": "e7d3",
      "unicode_decimal": 59347
    },
    {
      "icon_id": "4766438",
      "name": "container",
      "font_class": "container",
      "unicode": "e7d4",
      "unicode_decimal": 59348
    },
    {
      "icon_id": "4766439",
      "name": "database",
      "font_class": "database",
      "unicode": "e7d5",
      "unicode_decimal": 59349
    },
    {
      "icon_id": "4766440",
      "name": "sever",
      "font_class": "sever",
      "unicode": "e7d6",
      "unicode_decimal": 59350
    },
    {
      "icon_id": "4766451",
      "name": "mobile",
      "font_class": "mobile",
      "unicode": "e7d7",
      "unicode_decimal": 59351
    },
    {
      "icon_id": "4766452",
      "name": "tablet",
      "font_class": "tablet",
      "unicode": "e7d8",
      "unicode_decimal": 59352
    },
    {
      "icon_id": "4766453",
      "name": "red envelope",
      "font_class": "redenvelope",
      "unicode": "e7d9",
      "unicode_decimal": 59353
    },
    {
      "icon_id": "4766454",
      "name": "book",
      "font_class": "book",
      "unicode": "e7da",
      "unicode_decimal": 59354
    },
    {
      "icon_id": "4766459",
      "name": "file done",
      "font_class": "filedone",
      "unicode": "e7db",
      "unicode_decimal": 59355
    },
    {
      "icon_id": "4766460",
      "name": "reconciliation",
      "font_class": "reconciliation",
      "unicode": "e7dc",
      "unicode_decimal": 59356
    },
    {
      "icon_id": "4766461",
      "name": "file -exception",
      "font_class": "file-exception",
      "unicode": "e7dd",
      "unicode_decimal": 59357
    },
    {
      "icon_id": "4766462",
      "name": "file sync",
      "font_class": "filesync",
      "unicode": "e7de",
      "unicode_decimal": 59358
    },
    {
      "icon_id": "4766463",
      "name": "file search",
      "font_class": "filesearch",
      "unicode": "e7df",
      "unicode_decimal": 59359
    },
    {
      "icon_id": "4766464",
      "name": "solution",
      "font_class": "solution",
      "unicode": "e7e0",
      "unicode_decimal": 59360
    },
    {
      "icon_id": "4766465",
      "name": "file protect",
      "font_class": "fileprotect",
      "unicode": "e7e1",
      "unicode_decimal": 59361
    },
    {
      "icon_id": "4766468",
      "name": "file-add",
      "font_class": "file-add",
      "unicode": "e7e2",
      "unicode_decimal": 59362
    },
    {
      "icon_id": "4766469",
      "name": "file-excel",
      "font_class": "file-excel",
      "unicode": "e7e3",
      "unicode_decimal": 59363
    },
    {
      "icon_id": "4766470",
      "name": "file-exclamation",
      "font_class": "file-exclamation",
      "unicode": "e7e4",
      "unicode_decimal": 59364
    },
    {
      "icon_id": "4766472",
      "name": "file-pdf",
      "font_class": "file-pdf",
      "unicode": "e7e5",
      "unicode_decimal": 59365
    },
    {
      "icon_id": "4766473",
      "name": "file-image",
      "font_class": "file-image",
      "unicode": "e7e6",
      "unicode_decimal": 59366
    },
    {
      "icon_id": "4766474",
      "name": "file-markdown",
      "font_class": "file-markdown",
      "unicode": "e7e7",
      "unicode_decimal": 59367
    },
    {
      "icon_id": "4766475",
      "name": "file-unknown",
      "font_class": "file-unknown",
      "unicode": "e7e8",
      "unicode_decimal": 59368
    },
    {
      "icon_id": "4766476",
      "name": "file-ppt",
      "font_class": "file-ppt",
      "unicode": "e7e9",
      "unicode_decimal": 59369
    },
    {
      "icon_id": "4766477",
      "name": "file-word",
      "font_class": "file-word",
      "unicode": "e7ea",
      "unicode_decimal": 59370
    },
    {
      "icon_id": "4766478",
      "name": "file",
      "font_class": "file",
      "unicode": "e7eb",
      "unicode_decimal": 59371
    },
    {
      "icon_id": "4766479",
      "name": "file-zip",
      "font_class": "file-zip",
      "unicode": "e7ec",
      "unicode_decimal": 59372
    },
    {
      "icon_id": "4766480",
      "name": "file-text",
      "font_class": "file-text",
      "unicode": "e7ed",
      "unicode_decimal": 59373
    },
    {
      "icon_id": "4766481",
      "name": "file-copy",
      "font_class": "file-copy",
      "unicode": "e7ee",
      "unicode_decimal": 59374
    },
    {
      "icon_id": "4766482",
      "name": "snippets",
      "font_class": "snippets",
      "unicode": "e7ef",
      "unicode_decimal": 59375
    },
    {
      "icon_id": "4766507",
      "name": "audit",
      "font_class": "audit",
      "unicode": "e7f0",
      "unicode_decimal": 59376
    },
    {
      "icon_id": "4766508",
      "name": "diff",
      "font_class": "diff",
      "unicode": "e7f1",
      "unicode_decimal": 59377
    },
    {
      "icon_id": "4766509",
      "name": "Batch folding",
      "font_class": "Batchfolding",
      "unicode": "e7f2",
      "unicode_decimal": 59378
    },
    {
      "icon_id": "4766511",
      "name": "security scan",
      "font_class": "securityscan",
      "unicode": "e7f3",
      "unicode_decimal": 59379
    },
    {
      "icon_id": "4766512",
      "name": "property safety",
      "font_class": "propertysafety",
      "unicode": "e7f4",
      "unicode_decimal": 59380
    },
    {
      "icon_id": "4766513",
      "name": "safety certificate",
      "font_class": "safetycertificate",
      "unicode": "e7f5",
      "unicode_decimal": 59381
    },
    {
      "icon_id": "4766514",
      "name": "insurance ",
      "font_class": "insurance",
      "unicode": "e7f6",
      "unicode_decimal": 59382
    },
    {
      "icon_id": "4766675",
      "name": "alert",
      "font_class": "alert",
      "unicode": "e7f7",
      "unicode_decimal": 59383
    },
    {
      "icon_id": "4766676",
      "name": "delete",
      "font_class": "delete",
      "unicode": "e7f8",
      "unicode_decimal": 59384
    },
    {
      "icon_id": "4766677",
      "name": "hourglass",
      "font_class": "hourglass",
      "unicode": "e7f9",
      "unicode_decimal": 59385
    },
    {
      "icon_id": "4766678",
      "name": "bulb",
      "font_class": "bulb",
      "unicode": "e7fa",
      "unicode_decimal": 59386
    },
    {
      "icon_id": "4766679",
      "name": "experiment",
      "font_class": "experiment",
      "unicode": "e7fb",
      "unicode_decimal": 59387
    },
    {
      "icon_id": "4766680",
      "name": "bell",
      "font_class": "bell",
      "unicode": "e7fc",
      "unicode_decimal": 59388
    },
    {
      "icon_id": "4766681",
      "name": "trophy",
      "font_class": "trophy",
      "unicode": "e7fd",
      "unicode_decimal": 59389
    },
    {
      "icon_id": "4766682",
      "name": "rest",
      "font_class": "rest",
      "unicode": "e7fe",
      "unicode_decimal": 59390
    },
    {
      "icon_id": "4766683",
      "name": "USB",
      "font_class": "USB",
      "unicode": "e7ff",
      "unicode_decimal": 59391
    },
    {
      "icon_id": "4766684",
      "name": "skin",
      "font_class": "skin",
      "unicode": "e800",
      "unicode_decimal": 59392
    },
    {
      "icon_id": "4766685",
      "name": "home",
      "font_class": "home",
      "unicode": "e801",
      "unicode_decimal": 59393
    },
    {
      "icon_id": "4766686",
      "name": "bank",
      "font_class": "bank",
      "unicode": "e802",
      "unicode_decimal": 59394
    },
    {
      "icon_id": "4766688",
      "name": "filter",
      "font_class": "filter",
      "unicode": "e803",
      "unicode_decimal": 59395
    },
    {
      "icon_id": "4766689",
      "name": "funnel plot",
      "font_class": "funnelplot",
      "unicode": "e804",
      "unicode_decimal": 59396
    },
    {
      "icon_id": "4766692",
      "name": "like",
      "font_class": "like",
      "unicode": "e805",
      "unicode_decimal": 59397
    },
    {
      "icon_id": "4766693",
      "name": "unlike",
      "font_class": "unlike",
      "unicode": "e806",
      "unicode_decimal": 59398
    },
    {
      "icon_id": "4766694",
      "name": "unlock",
      "font_class": "unlock",
      "unicode": "e807",
      "unicode_decimal": 59399
    },
    {
      "icon_id": "4766695",
      "name": "lock",
      "font_class": "lock",
      "unicode": "e808",
      "unicode_decimal": 59400
    },
    {
      "icon_id": "4766762",
      "name": "customerservice",
      "font_class": "customerservice",
      "unicode": "e809",
      "unicode_decimal": 59401
    },
    {
      "icon_id": "4766767",
      "name": "flag",
      "font_class": "flag",
      "unicode": "e80a",
      "unicode_decimal": 59402
    },
    {
      "icon_id": "4766773",
      "name": "money collect",
      "font_class": "moneycollect",
      "unicode": "e80b",
      "unicode_decimal": 59403
    },
    {
      "icon_id": "4766774",
      "name": "medicinebox",
      "font_class": "medicinebox",
      "unicode": "e80c",
      "unicode_decimal": 59404
    },
    {
      "icon_id": "4766775",
      "name": "shop",
      "font_class": "shop",
      "unicode": "e80d",
      "unicode_decimal": 59405
    },
    {
      "icon_id": "4766778",
      "name": "rocket",
      "font_class": "rocket",
      "unicode": "e80e",
      "unicode_decimal": 59406
    },
    {
      "icon_id": "4766779",
      "name": "shopping",
      "font_class": "shopping",
      "unicode": "e80f",
      "unicode_decimal": 59407
    },
    {
      "icon_id": "4766846",
      "name": "folder",
      "font_class": "folder",
      "unicode": "e810",
      "unicode_decimal": 59408
    },
    {
      "icon_id": "4766847",
      "name": "folder-open",
      "font_class": "folder-open",
      "unicode": "e811",
      "unicode_decimal": 59409
    },
    {
      "icon_id": "4766848",
      "name": "folder-add",
      "font_class": "folder-add",
      "unicode": "e812",
      "unicode_decimal": 59410
    },
    {
      "icon_id": "4766849",
      "name": "deployment unit",
      "font_class": "deploymentunit",
      "unicode": "e813",
      "unicode_decimal": 59411
    },
    {
      "icon_id": "4766854",
      "name": "account book",
      "font_class": "accountbook",
      "unicode": "e814",
      "unicode_decimal": 59412
    },
    {
      "icon_id": "4766855",
      "name": "contacts",
      "font_class": "contacts",
      "unicode": "e815",
      "unicode_decimal": 59413
    },
    {
      "icon_id": "4766856",
      "name": "carry out",
      "font_class": "carryout",
      "unicode": "e816",
      "unicode_decimal": 59414
    },
    {
      "icon_id": "4766857",
      "name": "calendar-check",
      "font_class": "calendar-check",
      "unicode": "e817",
      "unicode_decimal": 59415
    },
    {
      "icon_id": "4766858",
      "name": "calendar",
      "font_class": "calendar",
      "unicode": "e818",
      "unicode_decimal": 59416
    },
    {
      "icon_id": "4766861",
      "name": "scan",
      "font_class": "scan",
      "unicode": "e819",
      "unicode_decimal": 59417
    },
    {
      "icon_id": "4766862",
      "name": "select",
      "font_class": "select",
      "unicode": "e81a",
      "unicode_decimal": 59418
    },
    {
      "icon_id": "4766871",
      "name": "box plot",
      "font_class": "boxplot",
      "unicode": "e81b",
      "unicode_decimal": 59419
    },
    {
      "icon_id": "4766872",
      "name": "build",
      "font_class": "build",
      "unicode": "e81c",
      "unicode_decimal": 59420
    },
    {
      "icon_id": "4766874",
      "name": "sliders",
      "font_class": "sliders",
      "unicode": "e81d",
      "unicode_decimal": 59421
    },
    {
      "icon_id": "4766881",
      "name": "laptop",
      "font_class": "laptop",
      "unicode": "e81e",
      "unicode_decimal": 59422
    },
    {
      "icon_id": "4766882",
      "name": "barcode",
      "font_class": "barcode",
      "unicode": "e81f",
      "unicode_decimal": 59423
    },
    {
      "icon_id": "4766883",
      "name": "camera",
      "font_class": "camera",
      "unicode": "e820",
      "unicode_decimal": 59424
    },
    {
      "icon_id": "4766884",
      "name": "cluster",
      "font_class": "cluster",
      "unicode": "e821",
      "unicode_decimal": 59425
    },
    {
      "icon_id": "4766885",
      "name": "gateway",
      "font_class": "gateway",
      "unicode": "e822",
      "unicode_decimal": 59426
    },
    {
      "icon_id": "4766886",
      "name": "car",
      "font_class": "car",
      "unicode": "e823",
      "unicode_decimal": 59427
    },
    {
      "icon_id": "4766887",
      "name": "printer",
      "font_class": "printer",
      "unicode": "e824",
      "unicode_decimal": 59428
    },
    {
      "icon_id": "4766888",
      "name": "read",
      "font_class": "read",
      "unicode": "e825",
      "unicode_decimal": 59429
    },
    {
      "icon_id": "4766900",
      "name": "cloud-server",
      "font_class": "cloud-server",
      "unicode": "e826",
      "unicode_decimal": 59430
    },
    {
      "icon_id": "4766901",
      "name": "cloud-upload",
      "font_class": "cloud-upload",
      "unicode": "e827",
      "unicode_decimal": 59431
    },
    {
      "icon_id": "4766902",
      "name": "cloud",
      "font_class": "cloud",
      "unicode": "e828",
      "unicode_decimal": 59432
    },
    {
      "icon_id": "4766903",
      "name": "cloud-download",
      "font_class": "cloud-download",
      "unicode": "e829",
      "unicode_decimal": 59433
    },
    {
      "icon_id": "4766904",
      "name": "cloud-sync",
      "font_class": "cloud-sync",
      "unicode": "e82a",
      "unicode_decimal": 59434
    },
    {
      "icon_id": "4766905",
      "name": "video",
      "font_class": "video",
      "unicode": "e82b",
      "unicode_decimal": 59435
    },
    {
      "icon_id": "4766906",
      "name": "notification",
      "font_class": "notification",
      "unicode": "e82c",
      "unicode_decimal": 59436
    },
    {
      "icon_id": "4766907",
      "name": "sound",
      "font_class": "sound",
      "unicode": "e82d",
      "unicode_decimal": 59437
    },
    {
      "icon_id": "4766911",
      "name": "radar chart",
      "font_class": "radarchart",
      "unicode": "e82e",
      "unicode_decimal": 59438
    },
    {
      "icon_id": "4766912",
      "name": "qrcode",
      "font_class": "qrcode",
      "unicode": "e82f",
      "unicode_decimal": 59439
    },
    {
      "icon_id": "4766916",
      "name": "fund",
      "font_class": "fund",
      "unicode": "e830",
      "unicode_decimal": 59440
    },
    {
      "icon_id": "4766917",
      "name": "image",
      "font_class": "image",
      "unicode": "e831",
      "unicode_decimal": 59441
    },
    {
      "icon_id": "4766918",
      "name": "mail",
      "font_class": "mail",
      "unicode": "e832",
      "unicode_decimal": 59442
    },
    {
      "icon_id": "4766919",
      "name": "table",
      "font_class": "table",
      "unicode": "e833",
      "unicode_decimal": 59443
    },
    {
      "icon_id": "4766920",
      "name": "id card",
      "font_class": "idcard",
      "unicode": "e834",
      "unicode_decimal": 59444
    },
    {
      "icon_id": "4766921",
      "name": "credit card",
      "font_class": "creditcard",
      "unicode": "e835",
      "unicode_decimal": 59445
    },
    {
      "icon_id": "4766951",
      "name": "heart",
      "font_class": "heart",
      "unicode": "e836",
      "unicode_decimal": 59446
    },
    {
      "icon_id": "4766952",
      "name": "block",
      "font_class": "block",
      "unicode": "e837",
      "unicode_decimal": 59447
    },
    {
      "icon_id": "4766953",
      "name": "error",
      "font_class": "error",
      "unicode": "e838",
      "unicode_decimal": 59448
    },
    {
      "icon_id": "4766954",
      "name": "star",
      "font_class": "star",
      "unicode": "e839",
      "unicode_decimal": 59449
    },
    {
      "icon_id": "4766955",
      "name": "gold",
      "font_class": "gold",
      "unicode": "e83a",
      "unicode_decimal": 59450
    },
    {
      "icon_id": "4766956",
      "name": "heat map",
      "font_class": "heatmap",
      "unicode": "e83b",
      "unicode_decimal": 59451
    },
    {
      "icon_id": "4766957",
      "name": "wifi",
      "font_class": "wifi",
      "unicode": "e83c",
      "unicode_decimal": 59452
    },
    {
      "icon_id": "4766958",
      "name": "attachment",
      "font_class": "attachment",
      "unicode": "e83d",
      "unicode_decimal": 59453
    },
    {
      "icon_id": "4766959",
      "name": "edit",
      "font_class": "edit",
      "unicode": "e83e",
      "unicode_decimal": 59454
    },
    {
      "icon_id": "4766960",
      "name": "key",
      "font_class": "key",
      "unicode": "e83f",
      "unicode_decimal": 59455
    },
    {
      "icon_id": "4766961",
      "name": "api",
      "font_class": "api",
      "unicode": "e840",
      "unicode_decimal": 59456
    },
    {
      "icon_id": "4766962",
      "name": "disconnect",
      "font_class": "disconnect",
      "unicode": "e841",
      "unicode_decimal": 59457
    },
    {
      "icon_id": "4766963",
      "name": "highlight",
      "font_class": "highlight",
      "unicode": "e842",
      "unicode_decimal": 59458
    },
    {
      "icon_id": "4766964",
      "name": "monitor",
      "font_class": "monitor",
      "unicode": "e843",
      "unicode_decimal": 59459
    },
    {
      "icon_id": "4766965",
      "name": "link",
      "font_class": "link",
      "unicode": "e844",
      "unicode_decimal": 59460
    },
    {
      "icon_id": "4766966",
      "name": "man",
      "font_class": "man",
      "unicode": "e845",
      "unicode_decimal": 59461
    },
    {
      "icon_id": "4766967",
      "name": "percentage",
      "font_class": "percentage",
      "unicode": "e846",
      "unicode_decimal": 59462
    },
    {
      "icon_id": "4766969",
      "name": "pushpin",
      "font_class": "pushpin",
      "unicode": "e847",
      "unicode_decimal": 59463
    },
    {
      "icon_id": "4766970",
      "name": "phone",
      "font_class": "phone",
      "unicode": "e848",
      "unicode_decimal": 59464
    },
    {
      "icon_id": "4766971",
      "name": "shake",
      "font_class": "shake",
      "unicode": "e849",
      "unicode_decimal": 59465
    },
    {
      "icon_id": "4766972",
      "name": "tag",
      "font_class": "tag",
      "unicode": "e84a",
      "unicode_decimal": 59466
    },
    {
      "icon_id": "4766973",
      "name": "wrench",
      "font_class": "wrench",
      "unicode": "e84b",
      "unicode_decimal": 59467
    },
    {
      "icon_id": "4766975",
      "name": "tags",
      "font_class": "tags",
      "unicode": "e84c",
      "unicode_decimal": 59468
    },
    {
      "icon_id": "4766982",
      "name": "scissor",
      "font_class": "scissor",
      "unicode": "e84d",
      "unicode_decimal": 59469
    },
    {
      "icon_id": "4766984",
      "name": "mr",
      "font_class": "mr",
      "unicode": "e84e",
      "unicode_decimal": 59470
    },
    {
      "icon_id": "4766985",
      "name": "share",
      "font_class": "share",
      "unicode": "e84f",
      "unicode_decimal": 59471
    },
    {
      "icon_id": "4766986",
      "name": "branches",
      "font_class": "branches",
      "unicode": "e850",
      "unicode_decimal": 59472
    },
    {
      "icon_id": "4766995",
      "name": "fork",
      "font_class": "fork",
      "unicode": "e851",
      "unicode_decimal": 59473
    },
    {
      "icon_id": "4767006",
      "name": "shrink",
      "font_class": "shrink",
      "unicode": "e852",
      "unicode_decimal": 59474
    },
    {
      "icon_id": "4767007",
      "name": "arrawsalt",
      "font_class": "arrawsalt",
      "unicode": "e853",
      "unicode_decimal": 59475
    },
    {
      "icon_id": "4767009",
      "name": "vertical right",
      "font_class": "verticalright",
      "unicode": "e854",
      "unicode_decimal": 59476
    },
    {
      "icon_id": "4767010",
      "name": "vertical left",
      "font_class": "verticalleft",
      "unicode": "e855",
      "unicode_decimal": 59477
    },
    {
      "icon_id": "4767011",
      "name": "right",
      "font_class": "right",
      "unicode": "e856",
      "unicode_decimal": 59478
    },
    {
      "icon_id": "4767012",
      "name": "left",
      "font_class": "left",
      "unicode": "e857",
      "unicode_decimal": 59479
    },
    {
      "icon_id": "4767013",
      "name": "up",
      "font_class": "up",
      "unicode": "e858",
      "unicode_decimal": 59480
    },
    {
      "icon_id": "4767014",
      "name": "down",
      "font_class": "down",
      "unicode": "e859",
      "unicode_decimal": 59481
    },
    {
      "icon_id": "4767015",
      "name": "fullscreen",
      "font_class": "fullscreen",
      "unicode": "e85a",
      "unicode_decimal": 59482
    },
    {
      "icon_id": "4767016",
      "name": "fullscreen-exit",
      "font_class": "fullscreen-exit",
      "unicode": "e85b",
      "unicode_decimal": 59483
    },
    {
      "icon_id": "4767018",
      "name": "doubleleft",
      "font_class": "doubleleft",
      "unicode": "e85c",
      "unicode_decimal": 59484
    },
    {
      "icon_id": "4767019",
      "name": "double right",
      "font_class": "doubleright",
      "unicode": "e85d",
      "unicode_decimal": 59485
    },
    {
      "icon_id": "4767020",
      "name": "arrowright",
      "font_class": "arrowright",
      "unicode": "e85e",
      "unicode_decimal": 59486
    },
    {
      "icon_id": "4767021",
      "name": "arrowup",
      "font_class": "arrowup",
      "unicode": "e85f",
      "unicode_decimal": 59487
    },
    {
      "icon_id": "4767022",
      "name": "arrowleft",
      "font_class": "arrowleft",
      "unicode": "e860",
      "unicode_decimal": 59488
    },
    {
      "icon_id": "4767023",
      "name": "arrowdown",
      "font_class": "arrowdown",
      "unicode": "e861",
      "unicode_decimal": 59489
    },
    {
      "icon_id": "4767025",
      "name": "upload",
      "font_class": "upload",
      "unicode": "e862",
      "unicode_decimal": 59490
    },
    {
      "icon_id": "4767026",
      "name": "colum-height",
      "font_class": "colum-height",
      "unicode": "e863",
      "unicode_decimal": 59491
    },
    {
      "icon_id": "4767027",
      "name": "vertical-align-botto",
      "font_class": "vertical-align-botto",
      "unicode": "e864",
      "unicode_decimal": 59492
    },
    {
      "icon_id": "4767028",
      "name": "vertical-align-middl",
      "font_class": "vertical-align-middl",
      "unicode": "e865",
      "unicode_decimal": 59493
    },
    {
      "icon_id": "4767029",
      "name": "totop",
      "font_class": "totop",
      "unicode": "e866",
      "unicode_decimal": 59494
    },
    {
      "icon_id": "4767030",
      "name": "vertical-align-top",
      "font_class": "vertical-align-top",
      "unicode": "e867",
      "unicode_decimal": 59495
    },
    {
      "icon_id": "4767031",
      "name": "download",
      "font_class": "download",
      "unicode": "e868",
      "unicode_decimal": 59496
    },
    {
      "icon_id": "4767038",
      "name": "sort-descending",
      "font_class": "sort-descending",
      "unicode": "e869",
      "unicode_decimal": 59497
    },
    {
      "icon_id": "4767039",
      "name": "sort-ascending",
      "font_class": "sort-ascending",
      "unicode": "e86a",
      "unicode_decimal": 59498
    },
    {
      "icon_id": "4767043",
      "name": "fall",
      "font_class": "fall",
      "unicode": "e86b",
      "unicode_decimal": 59499
    },
    {
      "icon_id": "4767044",
      "name": "swap",
      "font_class": "swap",
      "unicode": "e86c",
      "unicode_decimal": 59500
    },
    {
      "icon_id": "4767045",
      "name": "stock",
      "font_class": "stock",
      "unicode": "e86d",
      "unicode_decimal": 59501
    },
    {
      "icon_id": "4767046",
      "name": "rise",
      "font_class": "rise",
      "unicode": "e86e",
      "unicode_decimal": 59502
    },
    {
      "icon_id": "4767050",
      "name": "indent",
      "font_class": "indent",
      "unicode": "e86f",
      "unicode_decimal": 59503
    },
    {
      "icon_id": "4767051",
      "name": "outdent",
      "font_class": "outdent",
      "unicode": "e870",
      "unicode_decimal": 59504
    },
    {
      "icon_id": "4767059",
      "name": "menu",
      "font_class": "menu",
      "unicode": "e871",
      "unicode_decimal": 59505
    },
    {
      "icon_id": "4767060",
      "name": "unordered list",
      "font_class": "unorderedlist",
      "unicode": "e872",
      "unicode_decimal": 59506
    },
    {
      "icon_id": "4767061",
      "name": "ordered list",
      "font_class": "orderedlist",
      "unicode": "e873",
      "unicode_decimal": 59507
    },
    {
      "icon_id": "4767062",
      "name": "align-right",
      "font_class": "align-right",
      "unicode": "e874",
      "unicode_decimal": 59508
    },
    {
      "icon_id": "4767063",
      "name": "align-center",
      "font_class": "align-center",
      "unicode": "e875",
      "unicode_decimal": 59509
    },
    {
      "icon_id": "4767064",
      "name": "align-left",
      "font_class": "align-left",
      "unicode": "e876",
      "unicode_decimal": 59510
    },
    {
      "icon_id": "4767072",
      "name": "pic-center",
      "font_class": "pic-center",
      "unicode": "e877",
      "unicode_decimal": 59511
    },
    {
      "icon_id": "4767073",
      "name": "pic-right",
      "font_class": "pic-right",
      "unicode": "e878",
      "unicode_decimal": 59512
    },
    {
      "icon_id": "4767074",
      "name": "pic-left",
      "font_class": "pic-left",
      "unicode": "e879",
      "unicode_decimal": 59513
    },
    {
      "icon_id": "4767078",
      "name": "bold",
      "font_class": "bold",
      "unicode": "e87a",
      "unicode_decimal": 59514
    },
    {
      "icon_id": "4767079",
      "name": "font-colors",
      "font_class": "font-colors",
      "unicode": "e87b",
      "unicode_decimal": 59515
    },
    {
      "icon_id": "4767080",
      "name": "exclaimination",
      "font_class": "exclaimination",
      "unicode": "e87c",
      "unicode_decimal": 59516
    },
    {
      "icon_id": "4765721",
      "name": "check-circle",
      "font_class": "check-circle",
      "unicode": "e77d",
      "unicode_decimal": 59261
    },
    {
      "icon_id": "4767081",
      "name": "font-size",
      "font_class": "font-size",
      "unicode": "e87d",
      "unicode_decimal": 59517
    },
    {
      "icon_id": "4765722",
      "name": "CI",
      "font_class": "CI",
      "unicode": "e77e",
      "unicode_decimal": 59262
    },
    {
      "icon_id": "4767082",
      "name": "infomation",
      "font_class": "infomation",
      "unicode": "e87e",
      "unicode_decimal": 59518
    },
    {
      "icon_id": "4765723",
      "name": "Dollar",
      "font_class": "Dollar",
      "unicode": "e77f",
      "unicode_decimal": 59263
    },
    {
      "icon_id": "4767083",
      "name": "line-height",
      "font_class": "line-height",
      "unicode": "e87f",
      "unicode_decimal": 59519
    },
    {
      "icon_id": "4765724",
      "name": "compass",
      "font_class": "compass",
      "unicode": "e780",
      "unicode_decimal": 59264
    },
    {
      "icon_id": "4767084",
      "name": "strikethrough",
      "font_class": "strikethrough",
      "unicode": "e880",
      "unicode_decimal": 59520
    },
    {
      "icon_id": "4765725",
      "name": "close-circle",
      "font_class": "close-circle",
      "unicode": "e781",
      "unicode_decimal": 59265
    },
    {
      "icon_id": "4767085",
      "name": "underline",
      "font_class": "underline",
      "unicode": "e881",
      "unicode_decimal": 59521
    },
    {
      "icon_id": "4765726",
      "name": "frown",
      "font_class": "frown",
      "unicode": "e782",
      "unicode_decimal": 59266
    },
    {
      "icon_id": "4767086",
      "name": "number",
      "font_class": "number",
      "unicode": "e882",
      "unicode_decimal": 59522
    },
    {
      "icon_id": "4765727",
      "name": "info-circle",
      "font_class": "info-circle",
      "unicode": "e783",
      "unicode_decimal": 59267
    },
    {
      "icon_id": "4767087",
      "name": "italic",
      "font_class": "italic",
      "unicode": "e883",
      "unicode_decimal": 59523
    },
    {
      "icon_id": "4765728",
      "name": "left-circle",
      "font_class": "left-circle",
      "unicode": "e784",
      "unicode_decimal": 59268
    },
    {
      "icon_id": "4767091",
      "name": "code",
      "font_class": "code",
      "unicode": "e884",
      "unicode_decimal": 59524
    },
    {
      "icon_id": "4765729",
      "name": "down-circle",
      "font_class": "down-circle",
      "unicode": "e785",
      "unicode_decimal": 59269
    },
    {
      "icon_id": "4767092",
      "name": "column-width",
      "font_class": "column-width",
      "unicode": "e885",
      "unicode_decimal": 59525
    },
    {
      "icon_id": "4765730",
      "name": "EURO",
      "font_class": "EURO",
      "unicode": "e786",
      "unicode_decimal": 59270
    },
    {
      "icon_id": "4767093",
      "name": "check",
      "font_class": "check",
      "unicode": "e886",
      "unicode_decimal": 59526
    },
    {
      "icon_id": "4765731",
      "name": "copyright",
      "font_class": "copyright",
      "unicode": "e787",
      "unicode_decimal": 59271
    },
    {
      "icon_id": "4767094",
      "name": "ellipsis",
      "font_class": "ellipsis",
      "unicode": "e887",
      "unicode_decimal": 59527
    },
    {
      "icon_id": "4765732",
      "name": "minus-circle",
      "font_class": "minus-circle",
      "unicode": "e788",
      "unicode_decimal": 59272
    },
    {
      "icon_id": "4767095",
      "name": "dash",
      "font_class": "dash",
      "unicode": "e888",
      "unicode_decimal": 59528
    },
    {
      "icon_id": "4765733",
      "name": "meh",
      "font_class": "meh",
      "unicode": "e789",
      "unicode_decimal": 59273
    },
    {
      "icon_id": "4767096",
      "name": "close",
      "font_class": "close",
      "unicode": "e889",
      "unicode_decimal": 59529
    },
    {
      "icon_id": "4765734",
      "name": "plus-circle",
      "font_class": "plus-circle",
      "unicode": "e78a",
      "unicode_decimal": 59274
    },
    {
      "icon_id": "4767097",
      "name": "enter",
      "font_class": "enter",
      "unicode": "e88a",
      "unicode_decimal": 59530
    },
    {
      "icon_id": "4765735",
      "name": "play-circle",
      "font_class": "play-circle",
      "unicode": "e78b",
      "unicode_decimal": 59275
    },
    {
      "icon_id": "4767098",
      "name": "line",
      "font_class": "line",
      "unicode": "e88b",
      "unicode_decimal": 59531
    },
    {
      "icon_id": "4765736",
      "name": "question-circle",
      "font_class": "question-circle",
      "unicode": "e78c",
      "unicode_decimal": 59276
    },
    {
      "icon_id": "4767099",
      "name": "minus",
      "font_class": "minus",
      "unicode": "e88c",
      "unicode_decimal": 59532
    },
    {
      "icon_id": "4765737",
      "name": "Pound",
      "font_class": "Pound",
      "unicode": "e78d",
      "unicode_decimal": 59277
    },
    {
      "icon_id": "4767100",
      "name": "question",
      "font_class": "question",
      "unicode": "e88d",
      "unicode_decimal": 59533
    },
    {
      "icon_id": "4765738",
      "name": "right-circle",
      "font_class": "right-circle",
      "unicode": "e78e",
      "unicode_decimal": 59278
    },
    {
      "icon_id": "4767102",
      "name": "rollback",
      "font_class": "rollback",
      "unicode": "e88e",
      "unicode_decimal": 59534
    },
    {
      "icon_id": "4765739",
      "name": "smile",
      "font_class": "smile",
      "unicode": "e78f",
      "unicode_decimal": 59279
    },
    {
      "icon_id": "4767103",
      "name": "small-dash",
      "font_class": "small-dash",
      "unicode": "e88f",
      "unicode_decimal": 59535
    },
    {
      "icon_id": "4765740",
      "name": "trademark",
      "font_class": "trademark",
      "unicode": "e790",
      "unicode_decimal": 59280
    },
    {
      "icon_id": "4767104",
      "name": "pause",
      "font_class": "pause",
      "unicode": "e890",
      "unicode_decimal": 59536
    }
  ]
}
